,mean_r2,mean_mse,n_genes
linear,-3.5688302411821073,1179299.3827291166,200.0
ridge,-3.3869389821178952,1132937.8714910313,200.0
random_forest,-1.513554174764568,780612.1918919998,200.0
